INCOME,FIXEDINCOME,VARIABLEINCOME,OTHERINCOME,PERSONALASSETS,RESIDENCEVALUE,LIQUIDASSETS,FINANCIALASSETS,AGE,HASLPA,HASCRITICALILLNESS,NUMBERSOURCEOFFUNDS,COMMITMENTAMOUNT,INCOMEQUALIFIED,PERSONALQUALIFIED,FINANCIALQUALIFIED
619630.54108592,126607.20190377995,493648.927712044,-625.5885299039965,1371661.2,427179.99999999994,652896.3999999999,500213.99999999994,35,False,False,3,1506898.124051816,True,False,True
640483.4919862599,253214.4038075599,297899.2985979399,89369.78958076004,369993.0,869517.9999999999,44096.0,989404.0,34,False,True,3,377570.10858124983,True,False,False
312794.26353265997,297899.29859794,14969.43975385679,-74.47481913677798,543896.6,551200.0,63801.399999999994,591988.7999999999,31,False,True,3,637011.2029333614,True,False,False
350031.67585567996,342584.19338832,7596.43211422677,-148.94964686679316,824043.9999999999,490567.99999999994,8268.0,490567.99999999994,35,False,False,2,970026.6605084678,True,False,False
403653.54960138,402164.05309964006,14.894964929208,1474.6015368107644,1026334.4,757899.9999999999,161226.0,835067.9999999999,33,False,False,2,379448.4102705728,True,False,False
372374.12324398,372374.12324398,0.0,0.0,195675.99999999997,0.0,106106.0,95082.0,32,False,True,1,130919.96782860722,True,False,False
312794.26353265997,311304.76703918795,0.0,1489.496493472017,770605.1599999999,516749.99999999994,113271.6,640770.0,35,True,False,2,457094.98771813454,True,False,False
381311.1021993,297899.29859793995,83411.80360687201,-5.511965639557216e-06,2939411.8,1102400.0,237429.4,3089475.9999999995,30,False,False,3,2884816.8838121146,True,True,True
341094.69690036,0.0,339605.2003986199,1489.496501739999,1020133.4,1033500.0,250106.99999999997,1389850.7999999998,32,False,True,1,676027.4371888957,True,False,False
372374.12324398,372374.12324398,0.0,0.0,198431.99999999997,0.0,106106.0,96460.0,32,False,False,1,170859.3731190625,True,False,False
557071.68837112,364926.64077662,192249.31234625255,-104.26475175253692,2364248.38,1102400.0,666952.0,2783560.0,33,False,False,3,2126441.67390609,True,True,False
347052.68286597996,342584.19338832,4170.590180343596,297.89929731638546,824043.9999999999,490567.99999999994,8268.0,490567.99999999994,35,True,False,2,936173.0147338588,True,False,False
1489496.4929208,1489496.4929208,1489.4964929206512,-1489.4964929206512,2868238.0999999996,0.0,222409.2,275600.0,26,False,False,2,38961.762607358105,True,True,True
381311.1021993,297899.29859793995,83411.80360687201,-5.511965639557216e-06,2938171.5999999996,1102400.0,237429.4,3088097.9999999995,30,False,False,3,1480215.0789013305,True,True,True
314283.76002061996,314283.76002061996,372.374123243959,-372.374123243959,876407.9999999999,0.0,907688.6,85436.0,34,True,True,2,586933.135413436,True,False,False
656867.95340894,633036.0095189,24129.84318625398,-297.8992962139087,609076.0,0.0,38584.0,17914.0,29,False,False,3,623256.8861822971,True,False,False
801349.1132233599,0.0,787943.6447953406,13405.468428019278,7234499.999999999,2273700.0,260441.99999999997,6706725.999999999,31,False,False,3,2282932.3785452936,True,True,True
424506.50050171994,417059.01803435996,7149.583166350533,297.8993010093993,3412079.5799999996,0.0,95109.56,2451462.0,33,False,True,4,2121011.853107931,True,True,True
418548.5145223199,417059.0180343599,0.0,1489.4964879599759,170183.0,0.0,28248.999999999996,53741.99999999999,26,False,False,1,97131.42780974992,True,False,False
327689.22845359996,327689.22845359996,0.0,0.0,221582.4,427179.99999999994,20670.0,501591.99999999994,32,False,False,1,215577.8261682198,True,False,False
333647.21443299996,315773.25650858006,44.6848947889757,17829.273029630942,175875.51799999998,0.0,74992.13799999999,73034.0,32,True,False,3,115213.0162070214,True,False,False
689636.8762542999,691126.37274226,0.0,-1489.496487960055,1031805.06,964600.0,195124.8,1054170.0,34,False,False,1,265786.80938799534,True,False,False
312794.26353265997,245766.92134019997,67027.34218419198,8.268010968445578e-06,372204.68999999994,937040.0,6483.49,988026.0,33,False,False,2,355799.4539790108,True,False,False
557071.68837112,364926.64077662,192249.31234625255,-104.26475175253692,1862780.4,1102400.0,347256.0,2782182.0,33,False,True,3,1053903.86741648,True,False,False
403653.54960138,402164.05309964006,14.894964929208,1474.6015368107644,986510.2,757899.9999999999,161226.0,835067.9999999999,33,True,False,2,442633.85718938295,True,False,False
312794.26353265997,312794.26353265997,0.0,0.0,1159242.5,2149680.0,24114.999999999996,2230982.0,33,True,False,1,671284.4323321227,True,False,False
753685.2254570599,744748.24648796,9383.827905841948,-446.84893674198366,1103240.5799999998,0.0,388058.58,0.0,27,False,False,3,798130.6462587749,True,False,True
431953.9829690799,366416.13727836,50642.88076096078,14894.964929759053,407777.7599999999,0.0,70305.56,118370.2,30,True,False,4,297980.1385261097,True,False,False
414080.02504466,357479.15832303994,57345.614979131926,-744.748257511835,2931006.0,2301260.0,124020.0,3061915.9999999995,29,False,False,4,250409.4949292807,True,True,False
330668.22144329996,253214.403802048,0.0,77453.81764125195,548444.0,0.0,106106.0,0.0,26,False,False,3,26850.65879873113,True,False,False
1623551.1773883998,0.0,1620572.1843711399,2978.9930172600066,26895803.999999996,1791399.9999999998,289380.0,26716663.999999996,32,False,False,2,18855345.18502173,True,True,True
393227.07414432,367905.63376631995,14299.166332645984,11022.274045354026,409155.7599999999,0.0,70305.56,118370.2,30,True,False,4,70840.65434619272,True,False,False
4021640.530996399,446848.9478900198,3574791.5832303995,-0.00012402068542952414,16188881.8,1240200.0,413537.8,12159471.999999998,41,False,False,2,10468043.867591524,True,True,True
863907.9659381598,819223.0711477799,44089.096191061995,595.7985993178168,3694417.999999999,2370160.0,399619.99999999994,2840058.0,41,False,False,3,2491635.1242297916,True,True,True
303857.28456356,303857.28456356,0.0,0.0,1845004.2,1123070.0,90948.0,1258114.0,43,False,False,1,1287793.4733582768,True,False,False
981578.18887284,975620.2029072199,5779.246392714528,178.7395729054194,1062438.0,0.0,263198.0,0.0,36,False,False,3,218595.556776118,True,False,True
522813.2690378,446848.94789002003,75964.32114226797,5.512011487720441e-06,629125.8999999999,1240200.0,18396.3,2288858.0,42,False,False,2,594511.632989425,True,False,False
394716.57064605993,372374.12324398,0.0,22342.447402079928,417809.6,716560.0,45611.8,733785.0,41,False,False,2,225385.418923773,True,False,False
577924.63928524,513876.29008247994,62558.85270556735,1489.4964971925913,3546696.4,1433120.0,55808.99999999999,1980599.4,45,False,False,4,3512212.4250599085,True,True,True
332157.71793125995,256193.39679725995,76411.17009015799,-446.84895615801344,825421.9999999999,675220.0,248315.6,717938.0,44,False,False,3,368882.8329691904,True,False,False
303857.28456356,303857.28456356,0.0,0.0,2219682.4,1378000.0,90948.0,1513043.9999999998,43,False,False,1,1651979.0035290453,True,True,True
755174.7219450199,744748.2464879599,10426.475450858969,6.200948934292889e-06,4526041.0,1378000.0,111618.0,5580900.0,41,True,True,3,829929.0919434312,True,True,False
367905.6337663199,345563.1863780199,22342.447395189993,-6.890005894891221e-06,1745925.9999999998,661440.0,631124.0,734474.0,37,False,True,2,2006211.4048726915,True,False,True
850502.4974914,819223.0711477799,31130.476703091994,148.94964052802598,3808791.999999999,2370160.0,387217.99999999994,2840058.0,41,False,True,3,267099.3377953568,True,True,True
330668.22144329996,327689.22845359996,3470.526828659779,-491.5338389597899,1735687.46,1515799.9999999998,188124.56,1690668.2,45,False,False,2,657540.2957950683,True,False,False
1266072.0190378,1191597.1943917596,75219.57289528387,-744.7482492436851,1032122.0,1791399.9999999998,97149.0,2000856.0,41,False,False,3,1149642.1342821785,True,False,False
604735.5761511999,604735.5761511999,0.0,0.0,4354769.38,1033500.0,214568.38,3951414.999999999,41,False,False,1,1535253.647710217,True,True,False
315773.25650858,297899.29859793995,17873.957916151972,-5.511936989663507e-06,733206.24,757899.9999999999,6311.24,1147874.0,43,False,False,2,803438.1893920526,True,False,False
747727.2394776599,752195.7289553201,-3723.7412329909967,-744.7482446690481,1786990.4,1102400.0,267332.0,1172678.0,39,False,False,2,236864.7404984306,True,False,True
364926.64077662,364926.64077662,0.0,0.0,443991.6,943930.0,33072.0,975899.6,40,False,False,1,85191.64646566709,True,False,False
361947.6478007,363437.14428865997,0.0,-1489.49648795994,787761.2599999999,344500.0,13090.999999999998,435585.8,43,False,False,1,147401.30389836035,True,False,False
350031.67585567996,297899.29859793995,52132.37725498399,2.755996421309748e-06,6686193.8,1653599.9999999998,37343.8,7978619.999999999,37,False,False,2,2080241.5119737105,True,True,False
388758.58466665994,387269.08817869995,1787.3957916151737,-297.8993036551789,3151485.9999999995,1357330.0,81302.0,1761083.9999999998,38,True,False,2,1308220.415321945,True,True,True
522813.2690378,431953.98296908,90412.43712370997,446.848945010016,5422154.399999999,1378000.0,66833.0,1515799.9999999998,41,False,False,3,837160.9228065853,True,True,True
303857.28456356,31279.42635326598,269598.8652302399,2978.9929800540394,2583295.26,551200.0,263335.8,2014732.4599999995,43,False,True,3,1579447.323806469,True,True,False
714958.3166322999,193634.54408245996,0.0,521323.77254984,494564.1999999999,434069.99999999994,191128.6,497044.6,37,False,False,2,393833.950958805,True,False,False
303857.28456356,303857.28456356,0.0,0.0,1580290.4,1026610.0,90948.0,1163032.0,43,False,False,1,1235341.7981310894,True,False,False
655378.4569071999,655378.4569071999,0.0,0.0,1278232.7999999998,689000.0,158332.19999999998,793727.9999999999,39,False,False,1,718756.1781953871,True,False,False
315773.25650858,297899.29859793995,17873.957916151972,-5.511936989663507e-06,719274.6599999999,757899.9999999999,6159.66,1134094.0,43,False,False,2,310784.84743158997,True,False,False
397695.56362198,388758.58466666006,0.0,8936.978955319999,1898195.0,1515799.9999999998,110929.0,1737657.9999999998,45,False,True,2,1952428.990481779,True,False,False
378332.1092233799,364926.6407766201,7447.482464879599,5957.985981880275,440808.42,402375.99999999994,9508.2,595296.0,43,False,True,3,388481.8950293348,True,False,False
510897.29709277995,242787.92835049998,267513.57014020596,595.7986020739139,2745403.1799999997,0.0,157918.8,179704.97999999998,38,False,False,4,2131060.9622405902,True,True,True
1254156.04709278,1009878.62224054,245766.92134708993,-1489.4964948498475,7762962.999999999,4823000.0,1409005.0,4935996.0,42,False,False,3,6953072.39785993,True,True,True
604735.5761511999,604735.5761511999,0.0,0.0,4160471.38,1033500.0,214568.38,3757116.999999999,41,False,False,1,77153.34899204307,True,True,False
330668.22144329996,327689.22845359996,2576.828932852197,402.16405684779187,1712840.22,1515799.9999999998,187339.1,1690668.2,45,False,False,2,2026562.922284943,True,False,False
655378.4569071999,655378.4569071999,0.0,0.0,1278095.0,689000.0,158332.19999999998,793727.9999999999,39,False,False,1,1225102.4984250877,True,False,False
671762.91832988,668783.92535396,2532.1440380755753,446.8489378443067,1796953.34,771679.9999999999,423321.6,931528.0,41,False,False,2,1983438.5295951148,True,False,True
692615.869244,647930.9744536198,45742.43729931195,-1057.5425089319185,5642083.199999999,1309100.0,415329.1999999999,1656355.9999999998,37,True,False,3,2485735.1778570344,True,True,True
923487.82564948,327689.2284536,595798.5971958799,0.0,8827605.799999999,3307199.9999999995,296270.0,9695745.8,43,False,False,2,9345207.24743226,True,True,False
1438853.6121647998,366416.1372714699,1072437.474945694,-5.236419911169956e-05,3181526.4,689000.0,983892.0,1420855.7999999998,39,False,False,4,722007.3327385386,True,True,True
30162303.983162,372374.1232439797,29789929.859793995,0.0001240220249077315,13616431.4,0.0,287037.39999999997,757899.9999999999,37,False,False,2,7579220.040526397,True,True,True
692615.869244,647930.9744536198,45742.43729931195,-1057.5425089319185,5772993.199999999,1309100.0,415329.1999999999,1787265.9999999998,37,False,False,3,5558141.3318654755,True,True,True
388758.58466665994,387269.08817869995,1787.3957916151737,-297.8993036551789,3152863.9999999995,1357330.0,81302.0,1762461.9999999998,38,False,False,2,574325.9564733712,True,True,True
430464.48646734,192145.0475945,238319.43887284,-4.779115841594848e-11,982514.0,523639.99999999994,34450.0,556712.0,38,False,True,2,314800.71579690854,True,False,False
1623551.1773883998,0.0,1450769.5841787197,172781.59320968014,24717254.9,689000.0,45680.7,22140188.2,40,False,True,3,3174316.2462292043,True,True,True
536218.7374707799,536218.7374707799,893.6978957937667,-893.6978957937667,1501606.6,585650.0,129807.6,753076.9999999999,42,True,False,2,1721601.6582538,True,False,False
558561.18487286,372374.12324398,186187.06162887995,-3.100637440538789e-11,768303.8999999999,1171300.0,47540.99999999999,1207128.0,40,False,True,2,881034.3515150772,True,False,False
990515.16784194,385779.59168798395,575392.4952419279,29343.080912028032,5169153.6,1474460.0,96322.2,2157810.1999999997,42,False,False,4,6200203.410422987,True,True,True
747727.2394776599,752195.7289553201,-3723.7412329909967,-744.7482446690481,1786990.4,1102400.0,267332.0,1172678.0,39,False,False,2,1440736.132123137,True,False,True
353010.6688316,333647.214433,18097.3823901039,1266.0720084961247,1101022.0,1102400.0,63387.99999999999,2480400.0,39,True,False,3,807868.840911447,True,False,False
463233.4093127,423017.00401376,41542.05718989819,-1325.6518909582383,1292012.7999999998,1205750.0,505174.8,1273272.0,41,False,False,4,1036280.3793787684,True,False,True
16458936.247078,425995.99698967894,16036081.598415405,-3141.3483270844304,57582485.99999999,5815160.0,7062249.999999999,26576107.999999996,41,False,True,3,27729565.618174475,True,True,True
339605.20039862,339605.20039862,0.0,0.0,615676.62,551200.0,27146.6,653861.0,39,False,True,1,94700.91135129242,True,False,False
491533.84268039995,491533.84268039995,1.4894964929207999,-1.4894964929207999,479543.99999999994,0.0,93704.0,57875.99999999999,40,False,True,2,70902.7297094653,True,False,False
353010.6688316,335136.71092096,18097.3823901039,-223.42447946384434,1101022.0,1102400.0,63387.99999999999,2480400.0,39,False,False,3,724401.878767047,True,False,False
430464.48646734,192145.0475945,238319.43887284,-4.779115841594848e-11,982514.0,523639.99999999994,34450.0,556712.0,38,False,False,2,848049.1212868583,True,False,False
580903.63226116,177250.08265977996,402908.801351199,744.7482501809586,21698814.799999997,2204800.0,895699.9999999999,22000596.799999997,39,False,True,3,6289091.0929143885,True,True,True
1891660.546048,327689.22845359985,1559502.8281305197,4468.489463880202,4205656.0,2204800.0,117130.0,4718272.0,45,True,False,3,2586410.443152724,True,True,False
528771.2550034199,528771.2550034199,148.94964929204758,-148.94964929204758,1110668.0,826799.9999999999,192919.99999999997,858493.9999999999,40,False,True,2,1001612.3533550352,True,False,False
375353.11623368,364926.64077662,9830.676853745772,595.7986033141651,3893125.6,895699.9999999999,141934.0,1448553.6,44,False,False,3,1209704.4629572253,True,True,True
1981030.335739,1936345.4408246002,50642.880761649794,-5957.985847249783,5527585.18,2618200.0,1313661.18,2698124.0,37,False,False,3,2605349.6711343136,True,True,True
857949.97995876,819223.0711477799,38265.164905362195,461.7439056177801,4601417.6,1136850.0,316940.0,1220908.0,51,False,False,3,3000877.3085530135,True,True,True
560050.68136082,551113.7024055,10426.475450858969,-1489.4964955390442,4511847.6,4823000.0,28800.199999999997,4918082.0,51,False,False,3,3076166.290652218,True,True,True
308325.77404121996,297899.29859793995,9830.676853745781,595.7985895341739,1105156.0,413399.99999999994,41340.0,1110668.0,52,False,False,2,555206.9608977007,True,False,False
856460.4834707999,761132.70791064,21299.79985003518,74027.97571012458,3923786.1,2756000.0,213589.99999999997,3960371.999999999,46,False,False,4,2236047.7873968417,True,True,True
703042.3446872799,442380.45841235993,260660.39677980446,1.4894951154549643,23882117.999999996,2067000.0,6129343.999999999,11165934.0,49,False,False,3,25119960.877965093,True,True,True
351521.17234363995,204061.01953951997,149039.01908165938,-1578.8662775393889,1008007.0,992160.0,62009.99999999999,1405560.0,49,False,False,3,621030.9705864723,True,False,False
305346.7810653,283004.33366322,23429.779834156776,-1087.3324320767563,3410687.8,689000.0,139178.0,844713.9999999999,54,False,False,3,3053444.648765069,True,True,True
417059.01803436,417059.01803436,0.0,0.0,906310.6,964600.0,143863.19999999998,1031433.0,46,False,False,1,1065223.0935096203,True,False,False
563029.67435052,551113.7024055,12213.871242474177,-297.8992974541787,4584606.0,4823000.0,28800.199999999997,4918082.0,51,True,False,3,4604861.098096477,True,True,True
2576828.9328522,0.0,2564912.9609292285,11915.97192297196,9269806.0,2618200.0,11024.0,5467904.0,55,False,False,3,10932900.81872549,True,True,True
364926.64077662,372374.12324398,-7417.6925347441775,-29.78993261575377,2536760.1999999997,2480400.0,34450.0,2875197.0,50,False,False,2,1853245.1008674172,True,True,False
634525.5060068599,634525.5060068599,0.0,0.0,3174911.9999999995,895699.9999999999,294892.0,1597101.9999999998,54,False,False,1,258625.9799385389,True,True,True
487065.3532027399,402164.05309964,84901.30010034396,2.7559112984244557e-06,4204278.0,689000.0,695890.0,2298504.0,49,False,False,2,1918773.3465636943,True,True,True
391737.57765636,372374.12324398,19363.454408245972,4.134010517527885e-06,1215671.6,584272.0,161226.0,698646.0,54,False,True,2,1141446.6313282982,True,False,False
360458.15129896,114691.229960138,245766.92134019997,-1.3779705736102308e-06,1325222.6,826799.9999999999,16536.0,1438218.6,53,True,False,2,543982.2312332975,True,False,False
315773.25650858,311304.76703091996,0.0,4468.489477660006,1384834.88,996294.0,19650.28,1100884.2,50,False,False,2,1584013.1218015156,True,False,False
537708.2339725199,536218.73747767,-1.4894964934719999,1490.9859913433918,905897.2,1515799.9999999998,84195.79999999999,1800908.2,46,False,False,2,998713.9608920008,True,False,False
379821.60571134,163844.61422679995,216274.89078065753,-297.89929611750347,1959653.8,482299.99999999994,431313.99999999994,658821.7999999999,54,False,False,4,1053833.1013806695,True,False,True
488554.8497044799,142991.66332645997,345563.18637802,-5.424048429341963e-11,2552689.88,1372488.0,102330.28,2508373.4,55,False,True,2,2796108.9924182068,True,True,True
364926.64077662,372374.12324398,-7417.6925347441775,-29.78993261575377,6055069.8,2480400.0,34450.0,2871063.0,50,False,True,2,2212425.221148738,True,True,True
1519286.4228177995,1504391.4579381996,-3708.8462673727313,18603.811146972577,6524555.778,2618200.0,718490.578,3473937.9999999995,51,True,False,3,4678343.617368463,True,True,True
309815.27054296,238319.43887284,71495.83166323,6.889978216598853e-06,857736.1,447849.99999999994,12126.4,512340.4,48,False,True,2,443459.8517354595,True,False,False
2576828.9328522,0.0,2581446.371991058,-4617.439138857648,9242246.0,2618200.0,11024.0,5467904.0,55,False,True,3,4666591.726813808,True,True,True
327689.22845359996,327689.22845359996,0.0,0.0,247350.99999999997,425801.99999999994,24114.999999999996,563602.0,47,False,True,1,276506.02110182424,True,False,False
476638.87775946,476638.87775946,0.0,0.0,150477.59999999998,964600.0,22048.0,964600.0,52,False,True,1,57948.63404982793,True,False,False
467701.89880414,417059.01803435996,49153.38426803999,1489.496501740036,1597101.9999999998,733096.0,4134.0,1642575.9999999998,51,False,False,2,624150.2460879469,True,False,False
323220.73897594,321731.24248798,0.0,1489.4964879599806,1199824.6,585650.0,127740.6,690378.0,50,False,True,1,1298531.9171055371,True,False,False
382800.59870104,382651.64904562966,0.0,148.9496554103328,2262676.0,344500.0,48229.99999999999,661440.0,55,False,False,2,993863.7682117196,True,True,True
994983.6573196,770069.68687974,224303.27688275912,610.6935571008207,2856594.0,1860300.0,50985.99999999999,1930578.0,52,False,True,3,2022761.0166419337,True,True,True
427485.49349141994,425995.99698967993,983.0676853745745,506.42881636542364,1969299.8,1791399.9999999998,282490.0,1861540.2,49,False,False,2,1261470.1608233373,True,False,True
525792.2620275,525494.3627277032,-1.4894964934719999,299.3887962902468,1210297.4,1515799.9999999998,84195.79999999999,2104068.1999999997,46,False,False,2,179005.32895367156,True,False,False
381311.1021993,379821.60571134,625.5885270515225,863.9079609084122,340090.39999999997,1033500.0,22048.0,1066296.4,47,False,False,2,258281.35989089296,True,False,False
604735.5761511999,595798.5971958799,8936.978957800384,-2.480458528340691e-06,3947969.999999999,716560.0,385839.99999999994,1535091.9999999998,49,False,False,3,2860600.7166766953,True,True,True
414080.02504466,412590.5285566999,0.0,1489.4964879600209,1666153.5799999998,757899.9999999999,294892.0,757899.9999999999,46,True,True,1,30276.52278797464,True,False,True
379821.60571134,163844.61422679995,216274.89078065753,-297.89929611750347,1961031.8,482299.99999999994,431313.99999999994,660199.7999999999,54,False,False,4,1533097.721596985,True,False,True
405143.04608933994,283004.33366322,122138.71242474197,1.377959659370701e-06,3480827.9999999995,413399.99999999994,41340.0,3409171.9999999995,52,False,False,2,1038292.9335218066,True,True,False
364926.64077662,372374.12324398,-7417.6925347441775,-29.78993261575377,3258832.1999999997,2480400.0,34450.0,2875197.0,50,False,False,2,1041910.9663629344,True,True,True
423017.00401376,417059.01803435996,6777.209043147918,-819.2230637478362,1492787.4,592540.0,59942.99999999999,651794.0,49,False,True,3,377142.7178126007,True,False,True
314283.76002061996,312794.26353265997,1340.5468436838153,148.94964427614624,781119.2999999999,475409.99999999994,136628.69999999998,566358.0,49,False,False,2,503236.9515120087,True,False,False
302367.78807559994,302367.78807559994,0.0,0.0,680043.0,482299.99999999994,37068.2,596260.6,52,False,False,2,571433.5446613033,True,False,False
1438853.6121647998,1221387.1242474199,217466.48797663394,-5.925407397338967e-05,8093820.8,2480400.0,96460.0,2540480.8,53,False,True,3,7845359.385540628,True,True,True
327689.22845359996,327689.22845359996,148.94964929205938,-148.94964929205938,734735.82,1240200.0,4671.42,1362842.0,47,False,True,2,523145.0415683752,True,False,False
488554.8497044799,415569.5215464,71793.73096219999,1191.597195879927,2127632.0,1102400.0,564980.0,1905774.0,53,False,False,4,2523214.742993144,True,True,True
3947165.7064606,493023.33918213967,3455631.8637926015,-1489.496514141318,17715430.2,1791399.9999999998,987612.6,8810932.0,54,False,False,3,13407010.967883222,True,True,True
1139464.81713402,956256.74849484,183357.01828976732,-148.94965058733814,14505241.4,2342600.0,199809.99999999997,4427514.0,52,False,True,3,10381495.837055774,True,True,True
500470.82164949994,0.0,289707.06788026117,210763.75376923874,2372916.0,792349.9999999999,530530.0,1646709.9999999998,49,False,False,4,786451.6875364477,True,True,True
482596.86372508,472170.38828179997,9830.676853745774,595.798589534156,4019625.999999999,689000.0,128154.0,1333904.0,52,False,False,2,4430264.594057516,True,True,True
360458.15129896,114691.229960138,245766.92134019997,-1.3779705736102308e-06,1149252.0,826799.9999999999,16536.0,1477216.0,53,False,True,2,151504.85901968463,True,False,False
649420.47094158,647930.9744536198,1132.0173346666363,357.47915329343886,2106962.0,1515799.9999999998,332098.0,1675647.9999999998,48,True,True,2,864820.3669111844,True,True,True
327689.22845359996,327689.22845359996,0.0,0.0,247350.99999999997,425801.99999999994,24114.999999999996,563602.0,47,False,True,1,175591.14356732258,True,False,False
777517.1693333199,752195.7289553201,26364.087925083953,-1042.6475470840332,6535853.999999999,1929200.0,307845.19999999995,2076094.8,53,False,True,2,3483877.5072265877,True,True,True
446848.94789002,446848.94789002,0.0,0.0,1240200.0,0.0,606320.0,585650.0,48,False,True,1,72524.3270417286,True,False,False
2502354.1081785997,186187.06162887998,2323614.529098382,-7447.482548661697,29611841.999999996,4823000.0,16536.0,27105259.999999996,48,True,False,3,1670699.5331690942,True,True,True
561540.1778625599,551113.7024055,11171.223697457173,-744.7482403972837,4483323.0,4823000.0,28800.199999999997,4918082.0,51,False,False,3,2660206.128704782,True,False,True
379821.60571134,376842.61272577394,2144.8749498279967,834.1180357380424,2155109.32,562224.0,267938.32,687622.0,54,False,False,3,86917.38660867928,True,True,True
762622.20441238,637504.49899656,123881.42332164946,1236.2820941704606,7413309.279999999,3031599.9999999995,371729.28,4690712.0,54,False,False,4,5463019.769317501,True,True,True
378332.1092233799,376842.61272577394,2293.824599175191,-804.3281015692203,3103944.9999999995,562224.0,1214018.0,690378.0,54,False,False,3,1779411.9431510875,True,True,True
759643.21142268,215976.99148453996,543666.219936762,1.3779034344878202e-06,6615777.999999999,0.0,42718.0,888809.9999999999,53,False,False,4,4049371.8866151846,True,True,True
481107.36723711994,472170.3882818,9830.676853745785,-893.6978984258145,4022381.999999999,689000.0,128154.0,1349062.0,52,False,False,2,1825482.2871842592,True,True,True
2815148.3717525997,2785358.4418555996,49823.65769037792,-20033.727793377555,9194016.0,2480400.0,759277.9999999999,2900690.0,50,False,True,3,5881427.418009663,True,True,True
446848.94789002,446848.94789002,0.0,0.0,602323.7999999999,585650.0,31693.999999999996,585650.0,51,False,False,1,128269.43114606512,True,False,False
884760.9168384998,676231.40782132,208529.50901717992,-1.2278524264532072e-10,7961119.399999999,3444999.9999999995,221857.99999999997,10201747.4,53,False,False,2,912761.9781429818,True,True,False
866886.95891408,863907.9659381598,3872.690881786943,-893.6979058667058,4034783.999999999,2067000.0,101972.0,2156570.0,50,False,True,2,1631461.9004071385,True,True,True
1200534.17334708,223424.47395189997,977184.174222447,-74.47482726706498,3324287.1999999997,1102400.0,1536469.9999999998,1532887.2,52,False,False,4,1177587.0451485645,True,True,True
859439.47644672,761132.70791064,23831.943887146143,74474.82464893363,3922408.1,2756000.0,213589.99999999997,3958993.999999999,46,True,False,4,1639086.3476060652,True,True,True
430464.48646734,430464.48646734,0.0,0.0,3590075.84,1887860.0,40072.24,1919554.0,55,False,False,1,1370379.249781888,True,True,True
394716.57064605993,394716.57064605993,0.0,0.0,1629347.2,522261.99999999994,25492.999999999996,607284.6,50,False,False,1,668952.7264158743,True,False,True
476638.87775946,476638.87775946,0.0,0.0,150477.59999999998,964600.0,22048.0,964600.0,52,False,False,1,29402.24277885077,True,False,False
427485.49349141994,428974.9899793799,0.0,-1489.4964879600032,971627.8,1047280.0,136559.8,1282918.0,52,False,True,1,587419.4140459958,True,False,False
330668.22144329996,323220.73897594,6404.834919862592,1042.6475474973777,1977981.2,1378000.0,95633.2,1378000.0,48,False,False,3,1985614.6196025223,True,False,True
625588.52705154,580903.63226116,44089.09619299115,595.7985973887828,6563345.1,1653599.9999999998,343190.89999999997,3619868.2,54,False,False,4,3857454.0877661216,True,True,True
303857.28456356,285983.32665292,0.0,17873.957910639987,682385.6,661440.0,82680.0,767545.9999999999,47,False,True,2,743957.9504433024,True,False,False
327689.22845359996,327689.22845359996,148.94964929205938,-148.94964929205938,861830.1379999999,1240200.0,2095.9379999999996,1362842.0,47,True,False,2,943930.7383723136,True,False,False
2591723.8977317996,0.0,2591723.8978075897,-7.578991780996087e-05,9094800.0,2618200.0,11024.0,5316324.0,55,False,False,3,9010778.447129564,True,True,True
394716.57064605993,394716.57064605993,0.0,0.0,1490169.2,522261.99999999994,25492.999999999996,605906.6,50,False,False,1,1450752.079261472,True,False,False
1467154.0456013998,1446301.0947423996,20033.727830583877,819.2230284158569,3486477.8,2287480.0,19981.0,3186487.1999999997,52,False,True,4,513297.90694323234,True,True,True
353010.6688316,204061.01953951994,149024.12411672878,-74.47482464871544,1008007.0,992160.0,62009.99999999999,1405560.0,49,False,False,3,991268.115980131,True,False,False
315773.25650858,312794.2635326599,1638.446142267999,1340.5468336520066,779742.678,474031.99999999994,136630.07799999998,564980.0,49,False,False,2,148427.38877764557,True,False,False
744748.24648796,232361.45290446395,512833.64254090795,-446.8489574119247,10370276.8,895699.9999999999,33623.2,8665828.6,52,False,False,4,6548914.621055417,True,True,True
4006745.5661168,0.0,4007788.2136942,-1042.6475773996074,35901034.0,3031599.9999999995,880541.9999999999,17270474.0,51,False,False,3,41770576.15276611,True,True,True
308325.77404121996,297899.29859793995,9681.727204398587,744.7482388813979,865273.7599999999,564980.0,114787.4,657995.0,61,False,False,3,374426.4727168025,True,False,False
324710.23547767993,372374.12324398,-46919.13953472198,-744.7482315780766,6220291.999999999,647660.0,723450.0,1452412.0,61,False,False,2,5095353.817517178,True,True,True
382800.59870104,390248.0811684,-6255.885270101991,-1191.597197257972,2099300.32,413399.99999999994,164174.91999999998,552991.3999999999,64,False,True,1,1170448.649403063,True,True,True
351521.17234363995,327689.2284536,22342.447395189978,1489.4964948499585,3196270.9999999995,826799.9999999999,1410383.0,910858.0,63,False,False,2,411844.8127841485,True,True,True
579414.1357732,560050.6813608198,19959.25300618595,-595.7985938059174,5691829.0,826799.9999999999,188096.99999999997,3070183.9999999995,58,False,True,3,5866617.021887711,True,True,True
670273.4218419199,297899.2985979399,372374.12324398,-7.441529857231896e-11,676598.0,0.0,385150.99999999994,36517.0,56,False,True,2,374497.55217460904,True,False,False
302367.78807559994,290451.81613058,297.8992985979361,11618.072646421999,1218634.2999999998,668330.0,37481.6,774435.9999999999,63,True,False,3,1043759.3037831888,True,False,False
1489496.4929208,148949.64929208002,1353207.563878352,-12660.720249631724,11513879.0,1309100.0,171423.19999999998,6086625.999999999,59,False,False,4,2422183.2076823236,True,True,True
971151.71342956,695594.862228188,275407.9015583636,148.9496430084408,8746551.84,551200.0,308120.8,5328285.04,65,False,False,5,7830565.783248707,True,True,True
353010.6688316,104264.75450858998,248745.91433072678,-7.716798495864324e-06,7891626.859999999,0.0,1421324.3199999998,2490046.0,57,False,False,4,4468383.503913345,True,True,True
762622.20441238,0.0,761132.7079106399,1489.4965017400539,47221304.0,11024000.0,421667.99999999994,48728835.99999999,64,False,False,2,33402515.745451216,True,True,False
321731.24248798,320241.74598899594,0.0,1489.4964989840348,812193.2,826799.9999999999,54155.399999999994,843335.9999999999,56,False,False,3,423603.7560798891,True,False,False
2755568.5119586,2681093.6874228,74474.82464879584,-0.0001129958576623019,6860510.8,3582799.9999999995,738194.6,5888745.199999999,62,False,False,3,7158250.482778568,True,True,True
752195.72895532,744748.2464879599,2681.093687422766,4766.388779937085,3887530.92,2342600.0,167482.12,3927299.999999999,58,False,False,3,3686697.15280226,True,True,True
531750.24799312,521323.77254984,10724.374749456892,-297.89930617687935,3507423.4,1653599.9999999998,31693.999999999996,2130801.4,56,False,True,3,4066726.006624625,True,True,True
688147.3797663399,0.0,689636.8762542999,-1489.4964879599431,70140.2,0.0,113685.0,166738.0,59,False,True,1,37561.41626583759,True,False,False
1683131.0370446,1683131.0370446,6062.250726804922,-6062.250726804922,5327485.8,1929200.0,55119.99999999999,2046330.0,64,False,False,2,425334.82815196307,True,True,True
305346.7810653,303857.2845635599,0.0,1489.4965017399982,2268739.1999999997,358280.0,32245.199999999997,647660.0,63,True,False,1,1263015.48084957,True,True,True
831139.0430928,819223.0711477799,11379.753206460571,536.218738559307,10616112.0,964600.0,507103.99999999994,4242862.0,58,True,True,2,1150766.9113155364,True,True,True
347052.68286597996,353010.6688316,-5957.9859722481715,6.628169000520831e-06,681172.96,130910.0,250933.8,419904.16,59,False,False,2,262745.8403599164,True,False,False
638993.99548452,321731.24248798,318007.50125857175,-744.7482620316894,5439379.399999999,865383.9999999999,17087.199999999997,2726924.1999999997,60,False,False,4,3158366.552997513,True,True,True
302367.78807559994,288962.31964262,297.8992985979361,13107.569134382004,1243989.5,668330.0,37481.6,790145.2,63,False,False,3,1333054.160160801,True,False,False
372374.12324398,372374.12324398,148.94964929204363,-148.94964929204363,687484.2,475409.99999999994,85436.0,588957.2,65,False,False,2,472829.6645483276,True,False,False
531750.24799312,521323.77254984,10724.374749456892,-297.89930617687935,3521065.5999999996,1653599.9999999998,31556.199999999997,2130801.4,56,False,False,3,4138579.1193391066,True,True,True
1094779.92234364,1042647.5450859,52132.37725498397,2.7559718228854345e-06,9428276.0,964600.0,716560.0,2462486.0,64,False,True,2,3093147.0537924664,True,True,True
1044137.0415876398,716447.81312026,326497.6312637831,1191.597203596549,14522741.999999998,1378000.0,51674.99999999999,3412616.9999999995,59,False,True,4,10190426.060259162,True,True,True
832628.5395807599,819223.0711477799,13196.938927559326,208.529505420555,10013926.0,964600.0,446471.99999999994,3855643.999999999,58,False,False,2,763756.5853397386,True,True,True
315773.25650858,278535.84418556,37252.30728932718,-14.894966307211469,1814095.66,413399.99999999994,59240.219999999994,546693.94,56,False,False,3,1642871.0611638236,True,False,True
439401.46543644,233850.949403448,204090.80946937978,1459.706563612182,3039867.9999999995,964600.0,225991.99999999997,2255786.0,60,False,False,4,644822.4465316258,True,True,False
417059.01803436,321731.242478334,95327.77555051398,5.512042039314972e-06,2427347.0,316940.0,71656.0,626990.0,64,False,False,4,1332158.255887891,True,True,True
405143.04608933994,405143.046094852,0.0,-5.512018557138018e-06,1173367.0,1240200.0,8268.0,1307033.0,59,False,False,2,402545.976973211,True,False,False
446848.94789002,446848.94789002,0.0,0.0,2193638.1999999997,1033500.0,296270.0,1102262.2,58,False,False,1,2333211.2706077485,True,True,True
372374.12324398,372374.12324398,0.0,0.0,94793.998,0.0,14594.398,22048.0,57,False,False,1,45600.80503813882,True,False,False
312794.26353265997,312794.26353265997,44.68489478899029,-44.68489478899029,954719.74,447849.99999999994,55436.939999999995,498284.8,58,True,False,2,623999.0552161264,True,False,False
866886.95891408,832628.5395807598,34854.21793539392,-595.798602073857,6172061.999999999,1874080.0,518127.99999999994,2222714.0,63,False,False,3,7255437.749320017,True,True,True
405143.04608933994,405143.046094852,0.0,-5.512018557138018e-06,1171989.0,1240200.0,8268.0,1305655.0,59,False,True,2,308521.70230849035,True,False,False
1172233.7399793798,1111164.3837663198,62112.00375683669,-1042.6475437767779,2892422.0,206699.99999999997,82680.0,1077596.0,65,False,False,5,2528694.0164157473,True,True,True
434932.97595878,434932.9759449999,0.0,1.378002522614139e-05,1467570.0,861249.9999999999,252173.99999999997,997672.0,58,False,True,2,1080379.6299437291,True,False,False
610693.5621306,610693.562127844,0.0,2.756026807554019e-06,2630050.8,1102400.0,133390.4,1178190.0,63,True,True,2,567354.6771545758,True,True,True
977109.69939518,695594.8622281881,280174.2903322376,1340.546834754272,8778824.6,551200.0,308120.8,5360557.8,65,True,False,5,1410326.3590433951,True,True,True
1279477.4874707798,521323.77254984,703787.0929337678,54366.62198717202,18085561.0,1378000.0,261819.99999999997,17032080.0,58,False,False,4,7135445.464362032,True,True,True
372374.12324398,372374.12324398,0.0,0.0,2261160.1999999997,564980.0,44371.6,685830.6,60,False,False,1,916841.3227713626,True,True,True
1358420.8016082598,1304798.92786256,53621.873747077996,-1.3780438313565537e-06,4874991.9399999995,2067000.0,27559.999999999996,3067427.9999999995,57,False,True,3,2662569.105662708,True,True,True
588351.1147285199,265130.37575257994,323816.53756974597,-595.7985938060057,1250535.0,643526.0,64628.2,797310.7999999999,60,False,True,4,1063121.12451767,True,False,False
372374.12324398,372374.12324398,0.0,0.0,672188.3999999999,564980.0,44371.6,691480.3999999999,60,False,False,1,82659.00300407448,True,False,False
6494204.709415799,5957985.9719588,543666.2199367619,-7447.482479762462,39307450.0,7578999.999999999,6380139.999999999,9487530.0,63,False,False,4,15603484.967687018,True,True,True
353010.6688316,99796.26502955196,253214.40380755995,-5.511931739233521e-06,372886.8,329342.0,2893.7999999999997,782703.9999999999,58,False,False,2,125159.8648036907,True,False,False
315773.25650858,278535.84418556,37252.30728932718,-14.894966307211469,1922819.86,413399.99999999994,79400.36,566358.0,56,False,False,3,1243995.1393812192,True,False,True
350031.67585567996,354500.16533333994,-3127.9426354781663,-1340.546842181803,910044.98,135044.0,268944.25999999995,523419.52,59,False,True,2,351264.16819844575,True,False,False
353010.6688316,99796.26502955196,253214.40380755995,-5.511931739233521e-06,394934.8,329342.0,2893.7999999999997,804751.9999999999,58,False,False,2,368549.9564744418,True,False,False
372374.12324398,372374.12324398,0.0,0.0,599843.3999999999,564980.0,44371.6,705536.0,60,False,False,1,713722.203215185,True,False,False
1489496.4929208,1415021.6683850002,74489.71961408896,-14.895078289085832,3942843.84,4133999.999999999,78931.84,5986031.999999999,65,False,False,3,3251804.626439843,True,True,False
770069.68687974,67027.34218419198,702893.3950384839,148.94965706412495,5586412.0,2756000.0,22048.0,3110145.9999999995,65,False,False,3,1809342.745293966,True,True,True
862418.4694364199,570477.15681788,293430.80912027997,-1489.4965017399984,8637855.2,620100.0,82680.0,3387675.1999999997,60,False,False,4,10014886.55539045,True,True,True
420038.01102406,400674.5566166408,18722.970916245926,640.4834911731925,1489356.18,689000.0,81040.18,829555.9999999999,65,True,True,5,861431.4210435573,True,False,False
849013.0010034399,832628.5395807599,16384.461422679924,-6.185771693850788e-11,10177081.2,6889999.999999999,227369.99999999997,7025595.199999999,57,True,False,2,10823443.765275346,True,True,True
1653341.1071475998,312794.26352714794,1340546.84367006,-4.960813030103796e-05,68849358.5,2756000.0,41340.0,59713218.49999999,60,True,False,5,46190673.3877106,True,True,True
890718.90280412,819223.0711477798,72240.57990996592,-744.7482536259587,8492614.0,2756000.0,826799.9999999999,2856594.0,60,False,False,3,5268642.417433117,True,True,True
579414.1357732,560050.6813608198,19810.303357389952,-446.84894500991845,5691829.0,826799.9999999999,188096.99999999997,3071561.9999999995,58,True,False,3,5763406.717678251,True,True,True
312794.26353265997,268109.36874228,14.894964929208,44669.99982545077,2811602.3,1515799.9999999998,187614.7,1659387.6,65,False,False,3,2071423.8302593848,True,True,True
1123080.35571134,4468.489478900189,1108781.1893731817,9830.676859257768,6268521.999999999,1653599.9999999998,1653599.9999999998,3760561.999999999,63,True,False,4,3725843.52177018,True,True,True
394716.57064605993,372374.12324398,22044.54809608217,297.89930599771924,4144197.2,813019.9999999999,110240.0,1255358.0,63,False,False,3,3762302.201738463,True,True,True
305346.7810653,218955.98447424,83411.80360687198,2978.992984187973,8740378.399999999,2480400.0,95082.0,3433700.4,61,False,True,4,5552665.497608482,True,True,True
372374.12324398,372374.12324398,0.0,0.0,15709.2,0.0,137.79999999999998,37206.0,60,False,False,1,9627.8830675259,True,False,False
8534814.904810999,0.0,7864541.482913961,670273.4218970387,55689802.99999999,13407939.999999998,557401.0,41152592.0,57,False,False,4,15177906.781808876,True,True,True
382800.59870104,388758.58466666,-6255.885270101991,297.8993044819853,2097936.0999999996,413399.99999999994,164188.69999999998,552991.3999999999,64,False,False,1,1885427.183138001,True,True,True
434932.97595878,434932.9759449999,0.0,1.378002522614139e-05,962395.2,861249.9999999999,4685.2,996294.0,58,False,True,2,681222.0345213911,True,False,False
333647.21443299996,305346.7810653,25336.335345685202,2964.0980220147403,2864862.0,689000.0,137800.0,1829984.0,60,False,False,4,1867167.1119087315,True,True,True
1403105.6964262,1042647.5450858999,360905.000246726,-446.8489064258332,26832057.72,6559279.999999999,63994.31999999999,14795999.4,64,False,True,4,1339950.2446908392,True,True,True
573456.1497938,296409.80210997997,278535.8441855599,-1489.4965017399152,8287705.399999999,2342600.0,18327.4,5044858.0,57,False,False,3,3147892.4581839987,True,True,True
965193.72745016,832628.5395807599,132563.6983797965,1.4894896034503913,11971402.56,592540.0,1873556.36,1788506.2,58,False,False,2,13401447.578540746,True,True,True
327689.22845359996,327689.22845359996,0.0,0.0,2463175.0,1653599.9999999998,28248.999999999996,1722499.9999999998,60,False,False,1,290762.5950584168,True,False,False
1653341.1071475998,521323.7725498399,1136485.824153966,-4468.4895562060665,41661349.599999994,5512000.0,439581.99999999994,29898741.6,64,False,False,3,42819456.48205102,True,True,True
366416.13727836,364926.64077662,148.94964929206674,1340.5468524479072,2159794.52,1378000.0,8736.519999999999,2382562.0,56,False,False,2,868916.5996778173,True,True,False
437911.9689346999,233850.94940344797,204090.80946937972,-29.789938127812217,3279088.8,964600.0,225991.99999999997,2235942.8,60,False,False,4,464009.88697647233,True,True,True
2740673.5470789997,1936345.4408246,792858.983211672,11469.123042727471,13529203.999999998,2756000.0,826799.9999999999,3235543.9999999995,64,False,False,3,14955481.386178376,True,True,True
372374.12324398,193634.54408245996,178739.57916151997,6.201274881001084e-11,2458186.6399999997,1102400.0,173187.03999999998,1706928.6,59,False,False,2,1252589.73724622,True,True,True
1757605.8617182,1759095.3581992697,2234.244739518924,-3723.7412205887254,8594586.0,1929200.0,332098.0,3225897.9999999995,56,False,False,3,7066851.187322561,True,True,True
397695.56362198,321731.242478334,75666.421843298,297.89930034800153,2425969.0,316940.0,71656.0,625612.0,64,False,True,4,1778759.101112129,True,True,True
1504391.4579382,1117122.3697457202,379821.6057072059,7447.482485273831,13766853.88,3031599.9999999995,507737.87999999995,3279639.9999999995,56,False,False,4,5735407.5082918415,True,True,True
446848.94789002,446848.94789002,0.0,0.0,2192260.1999999997,1033500.0,296270.0,1100884.2,58,False,False,1,700298.7682671278,True,True,True
969662.21692782,372374.12324398,449083.19263298396,148204.90105085596,15781544.999999998,3444999.9999999995,496079.99999999994,10648495.0,59,False,True,4,18066387.452323668,True,True,True
434932.97595878,369395.13025427994,65686.79534130737,-148.9496368073033,9055527.0,3444999.9999999995,232192.99999999997,5626374.0,69,False,False,4,8390126.443408117,True,True,True
1395658.2139863998,625588.5270653199,768580.190378,1489.4965430797756,18031130.0,3444999.9999999995,496079.99999999994,6326397.999999999,71,False,False,5,13804207.620084984,True,True,True
485575.85671478,12511.770541030755,472319.33792508405,744.7482486651758,11922455.999999998,2411500.0,1067950.0,7715421.999999999,73,True,True,3,13895368.471924497,True,True,True
1992648.4083506,276748.44839174,1715899.95997264,-1.3780096697918522e-05,5711093.4399999995,2521740.0,61844.63999999999,5120648.0,74,False,False,3,5382336.603336524,True,True,False
636015.0025085999,440890.96192439995,193932.44338611513,1191.5971980847032,5807305.399999999,551200.0,633328.7999999999,1556726.6,72,False,False,5,5950530.575807755,True,True,True
411101.03206874,361947.647796566,50642.88076151198,-1489.4964893380027,7359071.199999999,1378000.0,691756.0,4706421.199999999,74,False,False,4,4051712.9678788823,True,True,True
364926.64077662,13405.468436838384,13258.008284089383,338263.16405569226,1111219.2,0.0,344500.0,11575.2,66,True,False,3,863518.4855302847,True,False,True
479617.8707353799,193634.54408245994,284493.83015393594,1489.496498983968,4637521.199999999,964600.0,96460.0,972041.2,74,False,False,3,373532.8450788058,True,True,True
484086.36022682,53621.87374707795,430762.38576534536,-297.89928560329696,25149877.999999996,1653599.9999999998,505725.99999999994,9808604.0,71,False,True,4,8510761.51183824,True,True,True
4754472.8056358,709000.3306666799,4046961.971435032,-1489.496465911956,253983865.2,3610359.999999999,502969.99999999994,222493809.2,75,False,False,5,72647393.40625355,True,True,True
525792.2620275,443869.95491409994,81773.35746474174,148.94964865822945,1087517.6,447849.99999999994,8681.4,916370.0,67,True,False,4,1148305.9508762972,True,False,False
318752.24949828,318752.249502414,0.0,-4.134026485790318e-06,4987671.0,530530.0,18603.0,530530.0,75,False,True,2,1180440.8474669142,True,True,True
1190107.69789002,1184149.711918888,6106.935621168128,-148.9496500360437,9381424.0,1102400.0,6551011.999999999,2304016.0,67,False,False,3,7520995.009689379,True,True,True
2949203.0560824,796880.6237594797,2148300.7917745607,4021.640548359042,46248573.8,1791399.9999999998,1318746.0,43484168.0,67,False,False,5,28648451.10393238,True,True,True
497491.82865979994,336626.20740892,161118.835646392,-253.21439551203798,10436972.0,137800.0,1040390.0,555334.0,73,False,False,3,8379594.154305007,True,True,True
631546.51303094,445359.45140619396,186187.06162887998,-4.1339543856756745e-06,5670470.0,2342600.0,234259.99999999997,2756000.0,69,False,False,3,779987.2649451431,True,True,True
373863.61974572,342584.1933883199,31279.426353265993,4.134013339165893e-06,7825661.999999999,2204800.0,3389879.9999999995,2264054.0,71,True,True,2,2880139.0349578457,True,True,True
2532144.0380756,2261055.676356022,267066.7211969874,4021.6405225903463,10134859.28,3307199.9999999995,998719.28,6939607.999999999,67,False,False,4,6689519.483167204,True,True,True
591330.10771822,256193.39680001597,330727.80129896005,4408.90961924396,13333872.499999998,895699.9999999999,44096.0,3860122.499999999,71,True,False,5,2248951.7030779053,True,True,True
962214.73447424,893697.8957938201,68218.93937855614,297.899301863713,13066195.999999998,1653599.9999999998,799239.9999999999,2469376.0,68,False,False,3,8286144.905271179,True,True,True
545155.7164261,545155.7164261,297.8992985979163,-297.8992985979163,3086306.5999999996,482299.99999999994,3996.2,1036256.0,67,False,False,3,2955541.28742502,True,True,True
342584.19338832,99796.26503092998,242341.07941237994,446.84894501001014,19104040.799999997,2067000.0,55119.99999999999,11364366.0,68,False,False,5,17949807.870258585,True,True,True
431953.9829690799,336626.20740892,94434.0776555332,893.6979046267264,6737730.999999999,1041768.0,99905.0,1153386.0,75,True,False,3,2773109.3934488688,True,True,True
338115.70391066,132565.18787628997,207040.01252921997,-1489.4964948499444,2402611.9,1378000.0,170251.9,1529579.9999999998,72,False,False,2,520845.78224416845,True,True,False
434932.97595878,421527.50751202,12151.312389807628,1254.1560569523235,4130554.999999999,1515799.9999999998,396863.99999999994,1631551.9999999998,74,False,True,3,4664331.929333542,True,True,True
583882.62525086,580903.63226116,1340.5468435735602,1638.4461461264195,11067269.2,3169399.9999999995,73034.0,6142297.199999999,72,False,False,3,567859.366299071,True,True,True
1012857.6152302398,107243.747495534,905613.8677388399,-4.134216327493752e-06,7931767.999999999,585650.0,337610.0,2024282.0,69,True,False,4,6441147.259415685,True,True,True
1985349.8754465997,317113.80335049983,1671215.0650582397,-2978.9929621399524,5744468.6,2714660.0,67659.79999999999,5170669.399999999,74,True,False,3,2369598.4356118166,True,True,False
668783.92535396,72985.32815670196,595798.5971958799,1.3781529737960487e-06,1584699.9999999998,0.0,252173.99999999997,779947.9999999999,69,False,False,2,369599.56916476105,True,False,False
1245665.9170893598,240255.78431821195,111920.76648316187,893489.3662879858,7997498.6,3031599.9999999995,30315.999999999996,5145314.199999999,75,False,False,6,1563793.4195337603,True,True,True
455785.92685912,193634.54408246,262151.382758746,1.7914009708634035e-05,4710555.199999999,964600.0,96460.0,972041.2,74,True,False,3,5321152.686721166,True,True,True
408122.03907903994,297899.29860069597,110222.740483856,-5.512040385676232e-06,12911859.999999998,895699.9999999999,385839.99999999994,5263960.0,72,False,False,4,13541729.427103914,True,True,True
478128.37424742,0.0,478128.37429427204,-4.685193449000084e-05,22553726.0,11024000.0,6232693.999999999,12876031.999999998,66,False,False,2,7667383.08252308,True,True,True
378332.1092233799,211508.50200688,166823.60721374396,2.755962645037261e-06,6504159.999999999,1805180.0,31693.999999999996,1834118.0,75,False,False,3,6174240.611759395,True,True,True
537708.2339725199,536218.7374682996,1340.5468436838187,148.94966053645948,10988227.12,723450.0,689000.0,780829.9199999999,66,True,False,3,6811387.725887649,True,True,True
308325.77404121996,241298.43185702802,67027.34218419196,-3.4231037342593574e-11,2731885.0,964600.0,275600.0,1925755.0,69,False,False,3,1019503.6603370924,True,True,False
574945.64629554,271088.3617292239,304899.9321086459,-1042.6475423298355,7315801.999999999,689000.0,111618.0,6774247.999999999,71,False,False,4,5352645.046359394,True,True,False
348542.17935394,268109.36874228,80432.81062075477,-9.09477808201613e-06,5036038.8,1102400.0,173076.8,1842386.0,66,False,False,3,5806991.075013939,True,True,True
1191597.1943917598,297899.29859793995,893697.8957938198,0.0,57207669.99999999,2480400.0,59253.99999999999,57933875.99999999,66,True,False,2,17656486.823929444,True,True,False
585372.1217388199,583882.6252508599,893.6978956697785,595.7985922901877,10935808.0,3169399.9999999995,73034.0,6136233.999999999,72,False,True,3,233358.5270716025,True,True,True
2338509.4939518,1489496.4929207999,837097.0290529078,11915.971978091957,7395312.6,1736279.9999999998,1785474.6,3112901.9999999995,69,False,True,4,762808.5614514607,True,True,True
853481.4904810998,774538.176347754,79092.26377662997,-148.949643284028,9758444.8,1515799.9999999998,897766.9999999999,3478209.8,67,False,False,5,2931484.307907715,True,True,True
534133.44238488,459658.61773883994,74474.82464879597,-2.7558677489594097e-06,1423060.6,1102400.0,172250.0,1216498.4,73,False,False,3,700455.2262392943,True,False,False
3962060.6713402,640483.4919862597,3317108.68989006,4468.489463879946,153935002.0,2067000.0,6931339.999999999,72949942.0,73,False,False,4,96638577.6362747,True,True,True
904124.3712371,811775.588670774,92497.73221512196,-148.949648796001,10341338.8,1515799.9999999998,915681.0,3217767.8,67,False,False,5,2600483.627599039,True,True,True
1190107.69789002,1184149.711918888,6106.935621168128,-148.9496500360437,3873420.2,1102400.0,876270.2,2304016.0,67,False,False,3,1269797.249411845,True,True,True
530260.7515051599,104264.75450858998,425995.99699105794,5.511952410267041e-06,14635737.999999998,620100.0,377571.99999999994,7274461.999999999,67,False,False,4,7910783.252823753,True,True,True
460254.41633677995,271088.3617182,189017.10495944897,148.9496591309375,10853128.0,826799.9999999999,27559.999999999996,2076646.0,75,False,True,4,6666313.777548868,True,True,True
573456.1497938,89369.78957938199,483788.46092095994,297.8992934580106,11922455.999999998,1378000.0,1488239.9999999998,1477216.0,70,False,True,3,10424093.54142894,True,True,True
1431406.129725,1431406.129725,297.8992985978136,-297.8992985978136,8509150.0,308672.0,1000428.0,398241.99999999994,67,False,False,2,9882284.360024327,True,True,True
877313.4343711399,159376.1247491399,717937.309622,-9.740135746518104e-11,11145815.2,826799.9999999999,551200.0,872825.2,77,False,False,3,3801986.348239409,True,True,True
560050.68136082,174271.08968386,386375.39028730197,-595.7986103419918,28133192.88,2756000.0,610454.0,3308522.88,80,False,True,2,13325686.236171182,True,True,True
300878.29158764,190655.551102406,109477.99223436399,744.7482508700215,4312051.38,0.0,37219.78,4288611.6,80,False,False,3,1334308.4098741042,True,True,False
592819.60420618,248745.91432989997,344312.00931338896,-238.31943710891628,11583468.0,0.0,559468.0,1240200.0,79,False,False,4,8652198.527042411,True,True,True
813265.0851683799,101285.76152302398,711979.3236481119,-2.755938832099065e-06,15893025.2,2067000.0,566358.0,10175703.2,77,False,True,3,9102121.00449134,True,True,True
372374.12324398,324710.23547767993,47663.887775946,-9.645938380983296e-06,5436485.6,482299.99999999994,57875.99999999999,514269.6,78,False,True,3,4261594.3362371605,True,True,True
305346.7810653,86389.3070973225,219104.93411664208,-147.46014866459893,2844192.0,689000.0,60631.99999999999,2535520.0,78,False,False,4,1253745.3081338638,True,True,False
697680.1573196,367011.9358763,330668.2214395794,3.7206203314587757e-06,20007595.4,551200.0,482299.99999999994,19281389.4,77,False,False,4,20604410.98739104,True,True,False
424506.50050171994,148949.64929208,275110.00225911796,446.8489505219636,6468745.399999999,689000.0,16949.399999999998,1868568.0,84,False,True,3,5480017.640805913,True,True,True
653888.96041924,174271.08968386,479468.921087962,148.94964741789462,28235426.7,2756000.0,698921.6,3308509.0999999996,80,False,False,2,8077174.961660546,True,True,True
437911.9689346999,437911.9689346999,0.0,0.0,2640937.0,1350440.0,165360.0,1680470.9999999998,78,False,False,1,1470348.8824858328,True,True,True
530260.7515051599,373863.61974572,157141.88001030995,-744.7482508700939,30183711.999999996,0.0,34450.0,908102.0,76,False,False,4,34597998.92387731,True,True,True
425995.99698967993,192145.04759449998,233701.99974940182,148.9496457780872,5204706.0,1791399.9999999998,48229.99999999999,3176289.9999999995,79,False,False,3,2802557.059840631,True,True,True
312794.26353265997,227892.96342542596,83858.65255436237,1042.6475528715964,14374469.2,4133999.999999999,734474.0,5134979.199999999,76,False,True,5,3042356.4937074804,True,True,True
835607.53257046,101285.76152302396,734321.7710446799,2.756135784613511e-06,15774379.4,2067000.0,566358.0,10057057.4,77,False,False,3,1991008.5172247055,True,True,True
178739.57916151997,177250.08265978,0.0,1489.496501739978,3330763.8,0.0,53741.99999999999,63387.99999999999,33,False,False,1,260226.39673885115,False,True,True
181718.57213743997,187676.55811683997,-5511.137019783196,-446.8489596168215,4413141.46,5098600.0,195083.46,6061821.999999999,39,False,False,3,4864774.347386913,False,True,True
262151.38276287995,260661.88627492,595.7985971958682,893.6978907640479,1798703.4,640770.0,55533.399999999994,684866.0,44,False,False,2,1699789.270836644,False,False,True
183208.06863918,187676.55811684,-2681.093687560594,-1787.395790099375,4423517.8,5098600.0,195813.8,6071467.999999999,39,True,False,3,2216531.403504846,False,True,True
223424.4739519,224913.97043985996,0.0,-1489.496487959952,3512797.5999999996,689000.0,34725.6,730340.0,41,False,False,1,2279635.864389294,False,True,True
260661.88627492,260661.88627492,625.588527051519,-625.588527051519,1803113.0,640770.0,55533.399999999994,684866.0,44,False,False,2,712523.1218337,False,False,True
271088.3617182,268109.36874228,2830.0433367010796,148.9496392188585,1446555.5,654550.0,46920.899999999994,674806.6,43,False,True,3,924446.4450021796,False,False,True
283004.33366322,283004.33366322,0.0,0.0,2120535.3,394107.99999999994,121264.0,570492.0,52,False,False,1,1201851.542842969,False,True,True
215976.99148453996,215976.99148453996,0.0,0.0,2401785.0999999996,206699.99999999997,5512.0,338988.0,50,False,False,1,1058842.729145004,False,True,True
195124.04058419997,193634.54408245994,1489.4964929207997,8.819206880747164e-06,1580428.2,344500.0,216345.99999999997,365032.1999999999,48,False,False,2,1435076.7126512544,False,False,True
253214.40380755995,253214.40380755995,297.89929859791584,-297.89929859791584,3181801.9999999995,585650.0,62009.99999999999,708292.0,50,False,False,2,3346311.175562627,False,True,True
195124.04058419997,193634.54408245994,1489.4964929207997,8.819206880747164e-06,1580428.2,344500.0,216345.99999999997,365032.1999999999,48,False,False,2,938094.6880997611,False,False,True
160865.6212371,160865.621242612,461.7439128247253,-461.7439183367215,1317092.4,256307.99999999997,96873.4,269812.39999999997,53,False,False,3,280911.64308275306,False,False,True
160865.6212371,159376.12475051798,476.6388777594445,1012.8576088225293,1318470.4,256307.99999999997,96873.4,269812.39999999997,53,False,False,3,615404.6940235246,False,False,True
230871.95641926,156397.13175944,74474.824648796,1.1024013797867118e-05,1819924.6,585650.0,222546.99999999997,743017.6,51,True,True,2,132307.57432612812,False,False,True
160865.6212371,159376.12474914,625.5885270515392,863.9079609084416,2551229.1999999997,689000.0,63801.399999999994,753076.9999999999,51,False,False,2,2301426.69033915,False,True,True
297899.29859793995,297899.29859793995,446.84894788999867,-446.84894788999867,1879592.0,826799.9999999999,41340.0,942552.0,50,False,False,2,61170.01140637485,False,False,True
148949.64929208,52132.377254983985,96817.27204398598,-6.889980200663587e-06,6265352.6,620100.0,107484.0,5039346.0,48,False,False,2,6056579.074565348,False,True,True
230871.95641926,156397.13175944,74474.824648796,1.1024013797867118e-05,1816755.2,585650.0,222546.99999999997,739848.2,51,False,False,2,1872629.8985239016,False,False,True
186187.06162888,0.0,186187.06162888,0.0,2000001.64,1102400.0,610426.44,1274650.0,53,False,False,1,1778582.5555614445,False,True,True
198103.03357389997,122138.7124246042,75964.32114226799,7.027784435509616e-06,3778724.04,427179.99999999994,1722499.9999999998,746738.2,50,True,False,3,4501153.285219271,False,True,True
198103.03357389997,122138.7124246042,75964.32114226799,7.027784435509616e-06,3431826.32,427179.99999999994,1681159.9999999998,745497.9999999999,50,False,False,3,1729898.3578935212,False,True,True
283004.33366322,283004.33366322,0.0,0.0,2083329.3,394107.99999999994,121264.0,529152.0,52,False,False,1,569130.8870979403,False,True,True
268109.36874228,268109.36874228,0.0,0.0,3113081.1399999997,1929200.0,231683.14,2006368.0,47,True,True,1,3377583.2036389424,False,True,True
271088.3617182,271088.3617182,0.0,0.0,1823231.8,392729.99999999994,136422.0,509722.1999999999,50,False,True,1,625647.189362452,False,False,True
186187.06162888,0.0,186187.06162888,0.0,2350427.04,1102400.0,610426.44,1277406.0,53,False,True,1,1304398.170420647,False,True,True
160865.6212371,160865.621242612,461.7439128247253,-461.7439183367215,1316541.2,256307.99999999997,96873.4,269812.39999999997,53,False,False,3,1501817.175827559,False,False,True
160865.6212371,160865.621242612,476.6388777594445,-476.6388832714406,1316954.6,256307.99999999997,96873.4,269812.39999999997,53,False,False,3,936149.0602815504,False,False,True
156397.13175943997,52132.37725498399,104264.75450858999,-4.134005484040667e-06,7731544.6,620100.0,107484.0,6789405.999999999,48,False,False,2,293478.8317356615,False,True,True
89369.78957938199,59579.859719588,29789.929859793996,-9.922039809693526e-12,17313192.0,1198860.0,305916.0,15009175.999999998,53,False,True,2,5320673.05857157,False,True,True
117670.22294570398,0.0,75577.05205360698,42093.17089209699,3640675.999999999,826799.9999999999,1120314.0,1507531.9999999998,48,False,False,3,3201041.635407445,False,True,True
260661.88627492,275556.85119585996,-14894.964934719992,1.3780014663210865e-05,1367940.6,551200.0,148135.0,592815.6,51,False,False,1,420001.2346104991,False,False,True
104264.75450859,104264.75450859,0.0,0.0,1718365.9999999998,675220.0,68900.0,804751.9999999999,61,False,True,1,1095961.90889038,False,False,True
238319.43887284,238319.43887284,0.0,0.0,2315040.0,1653599.9999999998,11299.6,1839630.0,65,False,True,1,159282.86024845787,False,True,True
210019.00550514,207040.01252508603,3410.946968941589,-431.9539888875887,4274280.399999999,689000.0,55119.99999999999,1063540.4,62,False,True,4,2150320.6779749477,False,True,True
293430.80912027997,284493.8301622039,9532.777555134075,-595.798597058079,2568592.0,964600.0,8268.0,1740413.9999999998,57,False,False,4,2123528.8385606436,False,True,True
294920.30560823996,284493.830162204,9532.777555134078,893.6978909018708,2567214.0,964600.0,8268.0,1741791.9999999998,57,False,True,4,2449392.6865524114,False,True,True
119159.719439176,119159.719439176,0.0,0.0,2259920.0,0.0,151580.0,137800.0,58,False,False,1,984510.7166072052,False,True,True
140012.67033676,56600.86673402199,81922.307114778,1489.4964879599968,3040308.96,826799.9999999999,476787.99999999994,1174056.0,63,True,False,2,1850473.176548665,False,True,True
153418.13878351997,153418.13878351997,0.0,0.0,1950076.7,454739.99999999994,757.9,600808.0,64,False,False,1,1299740.6488420852,False,False,True
215976.99148453996,201082.02654982,2085.2950901718,12809.669844548138,1452963.2,275600.0,329755.39999999997,337747.8,56,False,False,3,1443395.0344725794,False,False,True
175760.58617181997,175760.58617181997,148.94964929206347,-148.94964929206347,3540081.9999999995,964600.0,187407.99999999997,1014208.0,64,False,False,2,1304391.6681950083,False,True,True
166823.60721649998,163844.61422679998,3425.841933883194,-446.84894418320323,1630587.4,413399.99999999994,22185.8,599981.2,62,False,False,2,1819354.2376767052,False,False,True
259172.38977318,254703.90029552003,4915.33842691422,-446.84894925421264,1652221.9999999998,378949.99999999994,96460.0,603564.0,60,False,False,3,1121169.964247194,False,False,True
192145.0475945,192145.0475945,0.0,0.0,2117669.06,341744.0,75886.45999999999,457082.6,56,False,False,1,2023240.0268416372,False,True,True
298644.04684191995,294175.5573693585,3306.6822144329967,1161.8072581283734,1338313.6,551200.0,14468.999999999998,697681.3999999999,64,False,False,4,484352.67143024056,False,False,True
226403.46692781997,220445.48096219997,6404.834919848802,-446.8489542288541,3942320.2,1157520.0,89570.0,2400062.5999999996,62,False,False,3,961569.0709331968,False,True,True
175760.58617181997,175760.58617181997,148.94964929206347,-148.94964929206347,3540081.9999999995,964600.0,187407.99999999997,1014208.0,64,False,False,2,4160640.793750775,False,True,True
272577.85821994,262151.38276288,10709.479784535999,-283.0043274759576,3055025.9999999995,1240200.0,137800.0,1965028.0,56,False,False,3,307603.4148706852,False,True,True
132565.18787628997,13256.518787628998,119159.719439176,148.9496494849688,4734808.0,599430.0,89570.0,814397.9999999999,64,False,False,2,4275144.512548221,False,True,True
238319.43887284,238319.43887284,0.0,0.0,2315315.5999999996,1653599.9999999998,12953.2,1839630.0,65,False,False,1,751152.8844189051,False,True,True
268109.36874228,223424.4739519,44684.894789001984,1.377992732871104e-06,5015782.199999999,964600.0,9646.0,1012692.2,63,False,False,2,2463574.718270787,False,True,True
81922.307114778,53621.873747077996,27853.5844181426,446.84894955740003,2968487.5999999996,551200.0,38584.0,562775.2,63,True,False,3,393951.0680592444,False,True,True
28300.433366321995,0.0,27883.374349141995,417.05901717999467,3178770.4,1011452.0,12677.6,1049347.0,62,False,True,1,1795175.5704405818,False,True,True
171292.09669416,134054.68436838398,37237.41232467359,1.102405803337046e-06,2554577.74,1033500.0,9646.0,1182324.0,61,False,False,3,1859164.0589519148,False,True,True
169802.60020619998,163844.6142268,5957.985971958799,7.441185252660516e-06,1815790.6,413399.99999999994,22185.8,599154.3999999999,62,False,False,2,1524554.725721903,False,False,True
221934.97745015996,138523.17384879998,65537.84569071999,17873.95791063998,2845156.5999999996,1515799.9999999998,269674.6,2248896.0,60,False,False,4,2609912.9859336107,False,True,True
162355.11773883997,163844.61422679998,387.2690881786852,-1876.7655761387064,2128734.4,361036.0,307018.39999999997,400997.99999999994,56,False,False,2,366163.5059277872,False,True,True
104264.75450859,104264.75450859,0.0,0.0,1914042.0,675220.0,68900.0,898455.9999999999,61,True,False,1,130773.16199450064,False,False,True
294920.30560823996,284493.830162204,9532.777555134078,893.6978909018708,2549575.5999999996,964600.0,8268.0,1728287.6,57,False,False,4,1104726.0918056136,False,True,True
299388.7950859,285983.32665292,13420.363401855777,-14.894968875779359,3099810.9999999995,826799.9999999999,194986.99999999997,919126.0,60,False,False,2,2329111.2359637315,False,True,True
284493.83016495995,284493.83016495995,0.0,0.0,3739891.999999999,1378000.0,270088.0,1378000.0,62,False,False,1,473288.1964487652,False,True,True
196613.53707216,84901.300100344,110878.11893773157,834.1180340843923,5667162.8,1378000.0,82680.0,1632378.7999999998,64,False,True,5,1894337.789877512,False,True,True
290451.81613058,108733.24398762798,181361.09298184537,357.4791611066062,7000529.38,0.0,38322.18,5799588.6,57,False,True,4,6359789.716080687,False,True,True
169802.60020619998,169802.60020619998,297.8992985979306,-297.8992985979306,1652931.67,585650.0,48925.89,801995.9999999999,59,True,False,2,300192.044106209,False,False,True
0.0,,,,7512166.999999999,482299.99999999994,165360.0,5961503.6,56,False,False,4,7424473.667910652,False,True,True
293728.70841236,284791.729459796,9488.092660274791,-551.1137077107607,3400903.9999999995,654550.0,201187.99999999997,713528.3999999999,59,False,True,4,3889630.19229352,False,True,True
274067.35470789997,178739.57916151997,95878.88925326399,-551.1137068839923,10243817.739999998,2067000.0,27559.999999999996,3946357.74,65,False,False,3,1290825.445211192,False,True,True
192145.0475945,86390.79659381599,107243.7474945694,-1489.496493885369,4928554.8,1378000.0,82680.0,1611708.7999999998,64,False,False,5,2374938.551733476,False,True,True
259172.38977318,257682.89328522002,476.6388776078654,1012.8576103520891,3169096.84,1033500.0,104728.0,1347546.2,65,False,True,4,1311825.309393895,False,True,True
175760.58617181997,175760.58617181997,148.94964929206347,-148.94964929206347,3540081.9999999995,964600.0,187407.99999999997,1014208.0,64,False,False,2,3431755.134949743,False,True,True
214487.49499658,0.0,213295.89779518795,1191.5972013920293,2934244.3,1750059.9999999998,154060.4,1829157.2,58,True,False,2,2838953.772400485,False,True,True
131075.69138281798,67072.02707898099,64867.57226960841,-863.9079657714201,3749400.2,385839.99999999994,316940.0,1758190.2,68,False,False,5,2746238.26428953,False,True,True
93838.27905842,71495.83166323,24129.843186942995,-1787.3957917529958,2744424.8,1102400.0,45474.0,1154901.7999999998,75,False,False,3,3238217.756089309,False,True,True
110222.7404811,95327.775550514,13762.947595188998,1132.0173353970067,1636140.7399999998,254929.99999999997,87682.14,568700.6,74,False,False,2,592139.4335200882,False,False,True
52132.37725498399,16384.461422679997,28896.231964262,6851.683868041999,3196684.4,2067000.0,32796.399999999994,2089048.0,73,False,False,4,2840469.322077463,False,True,True
248448.01502404,176952.1833726608,71495.83166267877,-1.1299569579863785e-05,4550238.68,689000.0,1281071.48,1860300.0,74,False,False,4,1012563.5315828716,False,True,True
132565.18787628997,67072.02707898099,64867.57226960841,625.5885277005575,3792118.2,385839.99999999994,315562.0,1755434.2,68,False,True,5,3195578.02780127,False,True,True
277046.34769759997,210019.00550514,67027.3421836408,8.819157211052261e-06,8114077.399999999,496079.99999999994,96460.0,525431.3999999999,66,False,False,5,6709436.469078357,False,True,True
31279.426353265997,28300.433366321995,2830.0433366321995,148.94965031179976,2253305.5999999996,654550.0,55808.99999999999,665160.6,67,False,False,2,1251564.169072716,False,True,True
128096.698397252,128096.698397252,-1785.906295154794,1785.906295154794,1308135.4,344500.0,172663.4,385839.99999999994,73,False,True,2,1463800.0791038717,False,False,True
245766.92134019997,245766.92134019997,0.0,0.0,3679397.8,1378000.0,176384.0,1502157.7999999998,73,False,False,1,933082.4854115366,False,True,True
135097.33191409,72538.47920893598,61218.30586235206,1340.5468428019317,1452012.38,110240.0,694512.0,429246.99999999994,74,False,False,3,639390.9143619606,False,False,True
278535.84418556,262151.38276701403,15714.18800103098,670.2734175150174,24270934.479999997,1131338.0,2976.4799999999996,1149252.0,69,False,False,4,5136440.076357373,False,True,True
40216.40530996399,40216.40530996399,148.9496492920768,-148.9496492920768,1541981.9999999998,275600.0,81991.0,288691.0,72,False,False,2,780109.5560647502,False,False,True
40216.40530996399,40216.40530996399,148.9496492920768,-148.9496492920768,1541981.9999999998,275600.0,81991.0,288691.0,72,False,True,2,1171283.596799755,False,False,True
116180.726452232,102775.258015118,13256.518787628993,148.94964948500711,3186473.42,861249.9999999999,14730.82,1462058.0,70,False,True,4,1574009.450685251,False,True,True
265130.37575257994,113201.73346666599,151541.3731971152,387.2690887987363,4442134.58,757899.9999999999,171712.58,1034878.0,67,False,True,5,3593718.4426597874,False,True,True
281514.83717526,90859.28607147599,190655.55109413798,9.64605331137408e-06,24835693.999999996,20670000.0,27559.999999999996,21623576.0,66,False,False,3,16313133.30887111,False,True,True
239808.93537457997,239808.935364934,297.899298597929,-297.89928895192634,3067427.9999999995,413399.99999999994,316940.0,545688.0,68,False,True,3,2748805.360917821,False,True,True
224913.97043985996,224913.97044123797,446.84894789000157,-446.84894926802696,1887446.6,709670.0,674806.6,739986.0,71,False,True,3,1762797.4816967277,False,False,True
78943.31412783399,53621.873747077996,25321.440380755994,-4.382234249246885e-12,3797216.8,1378000.0,241149.99999999997,1959378.2,74,False,False,2,2183760.5631496706,False,True,True
125117.705410308,125117.705410308,238.31943887283535,-238.31943887283535,2782182.0,826799.9999999999,152958.0,1575053.9999999998,70,True,True,2,2167834.155440466,False,True,True
291941.31261853996,281514.837171126,9741.307064054778,685.1683833591618,6920205.76,1120314.0,4023.76,1131338.0,69,False,True,4,3339864.289594117,False,True,True
110222.7404811,95327.775550514,13762.947595188998,1132.0173353970067,1636002.94,254929.99999999997,89060.14,568562.7999999999,74,False,True,2,582932.3956094002,False,False,True
242787.9283505,76783.54421341576,110595.1146050192,55409.269532065024,12687245.999999998,1033500.0,68900.0,2210312.0,70,False,False,6,6590920.341510325,False,True,True
102775.258016496,58090.363226116,44878.529334228195,-193.63454384819735,2730782.5999999996,344500.0,55946.8,559468.0,69,False,True,3,2315093.1119566076,False,True,True
168313.10370446,151928.64228178,15952.5074397936,431.95398288638984,3699476.638,992160.0,69824.63799999999,1821716.0,74,False,False,4,2717228.426213883,False,True,True
201082.02654982,81922.30711477798,118266.02154226597,893.6978927760409,2229355.96,551200.0,208491.4,663534.5599999999,68,True,False,3,1270766.5939924205,False,True,True
186187.06162888,189166.05460480004,-3932.2707464039895,953.2777704839654,3593686.1999999997,276978.0,39135.2,1416584.0,78,False,False,2,1311828.4483043128,False,True,True
232659.35219929996,198400.93285908998,34258.419338832,1.3779860354392775e-06,5043480.0,1033500.0,170872.0,1958138.0,84,False,False,4,5292246.773953357,False,True,True
299388.7950859,215976.99148453996,82964.95465938159,446.84894197843954,5917132.0,1515799.9999999998,228747.99999999997,2320552.0,78,True,False,3,3586196.0299167056,False,True,True
223424.4739519,153418.13878351997,70125.4948898972,-119.15972151717781,3823674.4,282490.0,50985.99999999999,1121416.4,83,False,False,4,1607439.122791936,False,True,True
297899.29859793995,171292.09669416,126607.20190377998,-1.6536733016155877e-11,6499860.64,1240200.0,453196.64,2698124.0,84,False,False,4,5767104.829507432,False,True,True
235638.345189,113499.63276563601,122600.45633693288,-461.7439135688442,5387566.6,620100.0,3582.7999999999997,3695933.8,78,False,False,3,4001269.3648898746,False,True,True
201230.97619586,187825.50776287998,14373.641157294798,-968.1727243147908,1903982.6,689000.0,210420.6,738608.0,84,False,False,3,1200582.1786353083,False,False,True
33364.7214433,33364.7214433,0.0,0.0,1446348.7999999998,241149.99999999997,41340.0,254378.8,76,True,False,1,1138127.867501852,False,False,True
229382.45991752,140012.67033676,88133.50749059259,1236.2820901674095,6593729.999999999,551200.0,599430.0,551200.0,78,False,False,3,2142350.473354494,False,True,True
162355.11773883997,87880.29308590999,75964.32114226797,-1489.49648933801,6165171.999999999,1378000.0,454739.99999999994,1397292.0,79,False,True,3,2944232.78265325,False,True,True
65537.84569071999,64048.349198626,148.94964929207902,1340.5468428019053,1292012.7999999998,249417.99999999997,713804.0,289380.0,78,False,False,2,488231.2385267079,False,False,True
110222.7404811,81922.307114778,26900.306663229996,1400.1267030919964,6464197.999999999,1956760.0,332098.0,4602520.0,80,False,False,2,5108542.883588149,False,True,True
95327.775550514,83411.803606872,13405.468436838399,-1489.4964931963877,3026087.9999999995,413399.99999999994,110240.0,435447.99999999994,81,True,False,3,1158143.6561499783,False,True,True
111712.236974572,105754.25100206198,6404.8349198626,-446.84894735258496,1357646.94,206699.99999999997,14193.4,217999.6,81,False,False,2,358377.2276362098,False,False,True
104264.75450859,241298.43186254002,2085.2950901718,-139118.97244412184,17653420.2,985270.0,170183.0,18320510.0,31,False,False,2,6215708.4507685965,False,True,False
215976.99148453996,29789.929859793996,186187.06162887998,-4.134020367238543e-06,4561042.199999999,96460.0,283868.0,4277174.199999999,44,True,True,2,5021886.640425018,False,True,False
134054.68436838398,67027.34218419199,50642.88076151199,16384.461422679982,5261066.199999999,4133999.999999999,11712.999999999998,5628303.199999999,45,False,True,3,357140.217969854,False,True,False
268109.36874228,253214.40380755998,14894.964929207976,5.512032324105739e-06,2132179.4,1378000.0,58564.99999999999,1875182.4,40,False,False,2,2439065.0543022812,False,True,False
268109.36874228,253214.40380755998,14894.964929207976,5.512032324105739e-06,2093595.4,1378000.0,58564.99999999999,1875182.4,40,False,False,2,1603153.5029030049,False,True,False
232361.45290722,178739.57916151997,52132.37725498399,1489.4964907160197,2230775.3,1033500.0,153440.3,1546115.9999999998,54,False,False,2,2425799.975025851,False,True,False
265130.37575257994,253214.40380755998,11915.97194364199,1.3779899422783085e-06,2196945.4,895699.9999999999,24803.999999999996,1554659.6,55,False,False,2,1833172.7865491563,False,True,False
134054.68436838398,134054.68436838398,0.0,0.0,2118123.8,620100.0,119886.0,2019596.8,54,False,False,1,374111.4109429311,False,True,False
205550.51602748,134054.68436838398,71495.83166323,-4.13399109709878e-06,4102305.999999999,551200.0,62009.99999999999,4081635.999999999,52,False,True,2,4220376.3835252365,False,True,False
145970.65631616,52132.37725498399,93838.27905842,2.7560082864511155e-06,5332722.199999999,620100.0,107484.0,4489524.0,48,False,False,2,954288.5590997728,False,True,False
247256.41784194,223424.47395190006,23831.943887283993,2.7559888557929557e-06,5883646.6,757899.9999999999,22048.0,5732480.0,62,False,False,2,5074329.779196709,False,True,False
223424.4739519,0.0,223424.4739519,0.0,3738293.52,383083.99999999994,813.02,2762931.34,62,False,True,1,3617557.3288622457,False,True,False
157886.62826117998,99796.26503093001,58090.36322611599,4.13398944363987e-06,2635287.1999999997,689000.0,19292.0,2243935.1999999997,59,False,True,4,2242557.928034428,False,True,False
150737.04508589997,152226.54157799404,0.0,-1489.4964920940483,2366439.4,999050.0,41340.0,2173106.0,60,False,False,2,2176018.520694928,False,True,False
223424.4739519,0.0,223424.4739519,0.0,2710774.0399999996,338988.0,1309.1,1737657.9999999998,62,False,False,1,2300755.995193359,False,True,False
208529.50901718,140012.670339516,-612.18305872879,69129.02173639281,2406814.8,173603.196,165360.0,1672340.7999999998,58,False,True,4,2222322.2355486364,False,True,False
242787.9283505,201082.02654982003,41705.90180343599,-2.7560348691121685e-06,2725684.0,1378000.0,81302.0,2346734.0,60,True,True,2,474571.2365634346,False,True,False
190655.55110654,141502.16683298798,48766.115180269175,387.26909328281215,9735873.16,1102400.0,238421.55999999997,9642141.6,67,False,False,5,2362616.032072184,False,True,False
128543.547345018,92795.631512714,35598.966182819,148.949649484992,2056527.2,16398.199999999997,18465.199999999997,2040818.0,73,False,False,3,1969716.2218067343,False,True,False
93838.27905842,0.0,93838.27905842,0.0,2338466.0,0.0,192919.99999999997,1743169.9999999998,66,False,False,1,1676070.5879102866,False,True,False
202571.52305156,148949.64929897,53383.5543085166,238.3194440734034,9707486.36,1102400.0,238421.55999999997,9612376.8,67,False,False,5,10270722.483866408,False,True,False
120649.21593127,68516.838677664,53621.87374790479,-1489.496494298788,14185545.4,826799.9999999999,551200.0,13599895.4,81,True,False,3,1700933.1800255673,False,True,False
114691.229960138,134054.684368384,-18022.907562467597,-1340.5468457783845,2380081.5999999996,1929200.0,113960.6,2235116.0,84,False,False,2,879984.3342899437,False,True,False
159033.54055498,151586.05808761998,6702.734218419199,744.7482489407961,2247793.5999999996,1171300.0,44647.2,2028140.4,84,False,False,2,1127182.7354667657,False,True,False
66133.64428866,28896.231964261995,37058.67274613218,178.73957826581554,4361921.199999999,1515799.9999999998,739986.0,3553035.1999999997,76,False,False,3,3817062.688949372,False,True,False
72091.63026117,33364.7214433,36745.87848259952,1981.0303352704811,3694969.2,1515799.9999999998,72896.2,3553172.9999999995,76,False,False,3,3193616.2393786716,False,True,False
